{
  "tabPane": [],
  "windowGeometry": {
    "x": 93.33333587646484,
    "y": 0.0,
    "width": 1614.0,
    "height": 769.3333129882812
  }
}